model_num,model_description,negative_log_likelihood,iBIC,parameter_means,ttest_results,bayesian_simulation_results,cohens_d
1,Goal emulation with estimated lambda,7194.280038167389,15101.562126412686,"{'lambd': 0.6917833321866182, 'beta': 2.211167551003807}",,,
2,RL imitation with estimated alpha,7568.101780935509,15961.374281812317,"{'alpha': 0.4412714226209171, 'beta': 1.2051505063529746}",,,
3,Copy last action,8182.0595200973985,16671.020278080185,{'beta': 0.6375733125790162},,,
4,Emulation and RL imitation with one weight,7049.587753597635,15106.477956701508,"{'alpha': 0.367868311003921, 'beta': 2.2743055805061543, 'lambd': 0.7288603718136217, 'w_em': 0.7096102519167301}",,,
5,Emulation and RL imitation with stakes-dependent weights,7043.228880863077,15209.339081163938,"{'alpha': 0.3516277951979946, 'beta': 2.289482641242419, 'lambd': 0.7334136061866893, 'w_em_low': 0.6485897593423092, 'w_em_high': 0.661189158939952}","t(225) = 1.555, p = 0.121","P(mean w_em_high > mean w_em_low) = 0.760, 95% CI: [-0.098, 0.210]",0.10369728498238369
6,Emulation and copy last action with one weight,6830.867094656923,14670.319969306998,"{'beta': 3.0592275949414294, 'lambd': 0.7772640937785613, 'w_em': 0.6704802292050395}",,,
7,Emulation and copy last action with stakes-dependent weights,6808.9871673524885,14795.208145808316,"{'beta': 3.1384985630143127, 'lambd': 0.7810851306476316, 'w_em_low': 0.6455784972518751, 'w_em_high': 0.6394066666530862}","t(225) = -0.695, p = 0.488","P(mean w_em_high > mean w_em_low) = 0.351, 95% CI: [-0.164, 0.112]",-0.04635902960084913
